season,team,top5_pitcher_era_avg,top5_pitcher_whip_avg,top5_pitcher_ip_sum,top5_pitcher_so_sum
2023,KIA,3.58,1.34,171.0,133
2023,KT,3.16,1.18,334.66666666666663,271
2023,LG,3.8499999999999996,1.3066666666666669,470.0,350
2023,NC,2.0,0.95,180.33333333333334,209
2023,SSG,4.38,1.475,313.0,207
2023,두산,2.67,1.07,192.0,162
2023,롯데,3.365,1.3250000000000002,324.33333333333337,276
2023,삼성,2.89,1.21,338.0,241
2023,키움,2.52,1.09,334.3333333333333,311
2023,한화,3.6,1.17,177.33333333333334,147
